average waiting time,average queue length,average departure rate
17.21920320181149,7.873240740740731,0.7113888888888888
