average waiting time,average queue length,average departure rate
16.549500629367397,7.836296296296285,0.7058333333333333
